Location,Found_From
New York City,LinkedIn
New York City,LinkedIn
New York City,LinkedIn
New York City,LinkedIn
New York City,LinkedIn
New York City,Upscored
New York City,LinkedIn
New York City,LinkedIn
San Francisco,Rachel Higgins
Los Angeles,LinkedIn
New York City,LinkedIn
New York,LinkedIn
New York City,LinkedIn
New York City,LinkedIn
New York City,LinkedIn
San Francisco,LinkedIn
New York City,LinkedIn
Pittsburgh,LinkedIn
San Francisco,LinkedIn
New York City,LinkedIn
New York City,Rachel Higgins
New York City,LinkedIn
New York City,LinkedIn
San Francisco,LinkedIn
San Francisco,LinkedIn
Boston,LinkedIn
Los Angeles,LinkedIn
Seattle,LinkedIn
Seattle,LinkedIn
Los Angeles,LinkedIn
San Francisco,LinkedIn
Seattle,LinkedIn
San Francisco,LinkedIn
New York City,Upscored
New York City,Upscored
San Francisco,LinkedIn
New York City,Rachel Higgins
New York City,Whitetruffle
San Francisco,Whitetruffle
San Francisco,Whitetruffle
San Francisco,Whitetruffle
Seattle,LinkedIn
San Francisco,LinkedIn
Los Angeles,LinkedIn
San Francisco,LinkedIn
Los Angeles,LinkedIn
San Francisco,LinkedIn
San Francisco,LinkedIn
New York City,LinkedIn
Los Angeles,LinkedIn
Salt Lake City,LinkedIn
Salt Lake City,LinkedIn
Los Angeles,LinkedIn
Salt Lake City,LinkedIn
Boston,LinkedIn
San Francisco,LinkedIn
New York City,LinkedIn
New York City,LinkedIn
San Francisco,LinkedIn
San Francisco,LinkedIn
San Francisco,LinkedIn
Los Angeles,LinkedIn
San Francisco,LinkedIn
Salt Lake City,LinkedIn
San Francisco,LinkedIn
Los Angeles,LinkedIn
Seattle,LinkedIn
New York City,LinkedIn
San Francisco,LinkedIn
New York City,LinkedIn
Salt Lake City,LinkedIn
San Francisco,LinkedIn
Boston,LinkedIn
Los Angeles,LinkedIn
San Francisco,LinkedIn
San Francisco,LinkedIn
New York City,LinkedIn
Los Angeles,LinkedIn
New York City,LinkedIn
New York City,LinkedIn
Boston,LinkedIn
Salt Lake City,LinkedIn
New York City,LinkedIn
New York City,LinkedIn
San Francisco,LinkedIn